id,first_name,last_name,email,phone,fax,dob,address,occupation,ssn,statsu
1,Marabel,Rittelmeyer,mrittelmeyer0@cnn.com,165-712-2097,+63-384-397-5367,7/13/1992,8 Birchwood Drive,VP Accounting,111-37-8513,incomplete
2,Lauren,Warry,lwarry1@apple.com,247-505-1134,+353-371-179-7690,10/18/1978,0 Kensington Way,Occupational Therapist,475-47-5872,incomplete
3,Franzen,Sher,fsher2@feedburner.com,487-613-6226,+86-109-848-3467,2/26/1951,260 Arapahoe Center,VP Marketing,772-64-7699,incomplete
4,Trudey,Ivashchenko,tivashchenko3@sakura.ne.jp,742-385-8753,+62-801-191-8067,12/18/1973,37305 Dennis Street,Developer III,403-81-2253,incomplete
5,Bibbie,Bock,bbock4@virginia.edu,448-641-2571,+81-336-617-4464,5/11/1986,6326 Farmco Pass,Programmer Analyst IV,491-04-8771,incomplete
6,Brandie,Lumox,blumox5@canalblog.com,274-167-1493,+218-773-930-6897,2/22/1956,38709 Wayridge Hill,Information Systems Manager,805-47-1833,incomplete
7,Heall,Enocksson,henocksson6@usa.gov,540-884-9167,+7-558-397-5320,12/22/1964,7454 Ryan Way,Accountant III,765-32-3521,incomplete
8,Giovanni,Swancock,gswancock7@parallels.com,129-892-5751,+52-273-761-7531,11/9/1994,40786 Bartillon Street,VP Quality Control,392-29-3246,incomplete
9,Ogdan,Maginot,omaginot8@posterous.com,114-721-7842,+351-870-622-4620,2/15/1971,98957 Hovde Trail,Executive Secretary,227-07-1547,incomplete
10,Leoline,Shillam,lshillam9@amazon.de,724-973-0833,+63-987-728-6552,8/29/2000,5 Forest Dale Alley,Accounting Assistant II,483-84-4141,incomplete
11,Jorey,Radwell,jradwella@bizjournals.com,290-798-4161,+98-295-177-1485,9/3/1966,9411 Paget Street,Paralegal,575-63-8183,incomplete
12,Lidia,Deverille,ldeverilleb@ucla.edu,871-249-1402,+81-209-268-6846,12/26/1997,4074 Nova Crossing,Nurse,436-81-9696,incomplete
13,Alida,McKevany,amckevanyc@wisc.edu,398-548-7882,+86-479-283-0441,10/7/1990,10 Barby Road,Dental Hygienist,867-06-1138,incomplete
14,Frederich,Holdin,fholdind@ox.ac.uk,749-929-9604,+48-750-321-8682,4/23/1972,45502 Loftsgordon Junction,Speech Pathologist,799-02-6887,incomplete
15,Darryl,Thorns,dthornse@mozilla.com,997-209-9888,+54-194-672-3373,5/19/1953,18506 Morningstar Avenue,Desktop Support Technician,608-45-8729,incomplete
16,Frankie,Dowd,fdowdf@flavors.me,516-462-5908,+62-264-832-6027,2/4/1981,6331 Reindahl Pass,Sales Associate,205-64-0362,incomplete
17,Brendin,Dumbleton,bdumbletong@businesswire.com,217-756-7454,+86-380-330-0472,10/22/1953,702 Messerschmidt Court,Mechanical Systems Engineer,894-57-6059,incomplete
18,Kellen,Demonge,kdemongeh@smh.com.au,539-548-6379,+86-670-223-1878,7/5/1952,06 Prairie Rose Circle,Marketing Assistant,190-48-0856,incomplete
19,Pauly,Wingham,pwinghami@senate.gov,319-725-4309,+55-106-888-8387,1/22/1964,7 Holmberg Park,Senior Editor,232-84-8400,incomplete
20,Gardner,Bushel,gbushelj@thetimes.co.uk,523-630-7195,+46-278-372-4093,10/25/1990,958 Mallard Terrace,Mechanical Systems Engineer,621-41-0913,incomplete
21,Jean,Snyder,jsnyderk@uiuc.edu,173-417-3383,+93-868-758-6902,4/20/1952,56 Pennsylvania Park,Research Assistant II,834-67-1150,incomplete
22,Gelya,Canto,gcantol@cbc.ca,102-621-4077,+55-204-681-8860,11/22/1992,36 Linden Junction,Account Executive,804-57-6574,incomplete
23,Arabel,De Bellis,adebellism@skyrock.com,551-339-7645,+7-996-112-8704,1/8/1982,1846 Almo Pass,Analog Circuit Design manager,726-87-6862,incomplete
24,Brigit,Glanders,bglandersn@weibo.com,587-388-6798,+234-810-114-5168,1/6/1956,701 Red Cloud Avenue,Desktop Support Technician,845-33-2676,incomplete
25,Nelie,Wulfinger,nwulfingero@xrea.com,442-717-1488,+86-339-815-3951,11/28/1966,104 Fairview Lane,Senior Cost Accountant,359-45-8883,incomplete
26,Willamina,Arnaldy,warnaldyp@huffingtonpost.com,161-342-8356,+244-824-718-4629,7/30/1950,305 American Ash Street,VP Accounting,200-10-4950,incomplete
27,Jody,Simmons,jsimmonsq@seesaa.net,595-341-0890,+351-621-223-9701,8/6/1973,7384 Amoth Street,Statistician I,329-13-5312,incomplete
28,Portie,Senn,psennr@google.cn,496-434-9570,+86-650-789-0049,10/8/1995,48494 Brown Road,Health Coach III,470-94-5267,incomplete
29,Jed,Duddin,jduddins@geocities.com,337-800-1957,+375-873-186-6265,8/28/1963,76289 Artisan Crossing,Dental Hygienist,513-08-1730,incomplete
30,Celene,Dumphries,cdumphriest@businesswire.com,535-839-6842,+357-845-834-9625,3/16/1961,97 Lukken Lane,GIS Technical Architect,800-95-7779,incomplete
31,Zsa zsa,Saldler,zsaldleru@dion.ne.jp,601-566-7693,+63-670-473-9143,10/8/1981,83825 Vahlen Alley,Software Engineer IV,121-96-7765,incomplete
32,Aubrey,Adamoli,aadamoliv@last.fm,197-682-5050,+62-751-193-6663,12/29/1981,3141 Elgar Circle,Recruiter,886-19-8106,incomplete
33,Janifer,Seacombe,jseacombew@amazon.de,595-898-1902,+375-528-517-6237,6/20/1983,1355 Orin Alley,Structural Engineer,404-24-9370,incomplete
34,Gleda,Graysmark,ggraysmarkx@1688.com,411-309-9726,+93-248-887-0551,6/21/1980,20 Huxley Terrace,Librarian,469-72-5730,incomplete
35,Ermin,Fortoun,efortouny@stanford.edu,545-463-8347,+420-285-275-7317,4/21/1983,40017 Graceland Place,Assistant Manager,376-81-6316,incomplete
36,Cyndi,Kolin,ckolinz@opera.com,945-860-0093,+86-141-600-7328,12/26/1960,18248 Katie Avenue,Automation Specialist II,706-73-6114,incomplete
37,Karoly,Wytchard,kwytchard10@umn.edu,196-786-1078,+976-199-670-8782,11/4/1953,59 Hayes Pass,Senior Quality Engineer,543-79-2650,incomplete
38,Nollie,Stearnes,nstearnes11@last.fm,470-732-4975,+33-318-897-0503,4/12/1966,5532 Nancy Trail,Financial Advisor,794-93-7315,incomplete
39,Eberhard,Gouly,egouly12@canalblog.com,109-217-1310,+54-432-143-0477,11/26/1994,8268 Haas Point,Analog Circuit Design manager,229-76-3629,incomplete
40,Jasen,Leist,jleist13@elegantthemes.com,176-303-6750,+86-838-251-3352,12/24/1956,61338 Maywood Drive,Payment Adjustment Coordinator,418-32-7383,incomplete
41,Alexia,Admans,aadmans14@example.com,951-420-9264,+963-855-905-1654,12/13/1997,67599 Bellgrove Parkway,Community Outreach Specialist,713-04-8865,incomplete
42,Deane,Brumhead,dbrumhead15@oaic.gov.au,850-409-9380,+351-610-327-9555,8/30/1982,19 Graceland Court,Librarian,662-12-8788,incomplete
43,Horacio,Robben,hrobben16@npr.org,244-842-1134,+55-326-124-0694,10/9/1982,1 Everett Trail,Assistant Manager,155-78-5145,incomplete
44,Lazar,Lannin,llannin17@istockphoto.com,408-857-7628,+57-142-167-7963,5/10/1991,0 Macpherson Crossing,VP Marketing,531-01-5414,incomplete
45,Gaven,Borer,gborer18@bluehost.com,675-605-4442,+62-882-100-8773,8/24/1975,89895 Bonner Place,Help Desk Operator,201-64-4865,incomplete
46,Eloise,Teresia,eteresia19@list-manage.com,399-486-9534,+234-142-863-5384,11/30/1972,527 Stone Corner Pass,Recruiter,370-54-2120,incomplete
47,Etty,Cloake,ecloake1a@histats.com,401-961-3357,+86-705-126-5383,8/20/1956,8 Merrick Way,Food Chemist,668-41-1147,incomplete
48,Turner,Marrow,tmarrow1b@paypal.com,196-276-0489,+60-936-125-2796,4/21/1980,7 Arapahoe Court,Operator,849-53-8442,incomplete
49,Gates,Stanlick,gstanlick1c@google.fr,395-591-7445,+63-112-627-5769,12/7/1955,82181 Tony Hill,Social Worker,631-46-0353,incomplete
50,Carver,Aliberti,caliberti1d@joomla.org,333-267-5346,+63-649-235-7752,1/27/1970,9299 Killdeer Lane,Web Designer III,559-66-7867,incomplete
51,Trip,Poulgreen,tpoulgreen1e@java.com,425-113-9866,+53-862-599-5192,8/2/1970,83 School Way,VP Sales,847-89-6845,incomplete
52,Cyril,Hess,chess1f@chronoengine.com,824-276-5658,+353-487-802-4485,12/15/1970,9767 7th Way,Senior Developer,246-44-1123,incomplete
53,Joana,Madine,jmadine1g@answers.com,802-682-4101,+51-479-517-6154,1/24/1988,67 Debs Parkway,Physical Therapy Assistant,280-54-7279,incomplete
54,Sabra,Mc Carrick,smccarrick1h@sina.com.cn,988-104-3467,+7-461-236-0249,6/27/1988,3 Surrey Center,Safety Technician I,274-04-3463,incomplete
55,Vincents,Rodman,vrodman1i@cafepress.com,650-282-1734,+48-269-689-0885,6/1/1975,7335 Jana Circle,Account Representative II,879-07-4769,incomplete
56,Lucia,Syseland,lsyseland1j@digg.com,822-968-8809,+63-747-891-1434,12/19/1961,41 Myrtle Place,Structural Engineer,847-52-8803,incomplete
57,Ilyssa,Gwynn,igwynn1k@howstuffworks.com,239-849-4451,+81-258-480-9545,10/12/1994,01 Village Road,Biostatistician IV,175-16-9359,incomplete
58,Jeffrey,Polson,jpolson1l@yale.edu,164-522-2875,+49-540-757-0164,6/27/1967,2 Quincy Parkway,Legal Assistant,286-08-0935,incomplete
59,Ira,Eaddy,ieaddy1m@bizjournals.com,126-993-0323,+54-252-535-5186,8/28/1977,61 Randy Hill,Computer Systems Analyst I,548-19-1537,incomplete
60,Cati,Fielden,cfielden1n@theguardian.com,965-358-8034,+7-254-162-2160,11/29/2000,9 Fordem Drive,Research Assistant IV,833-76-0692,incomplete
61,Jessalyn,Londsdale,jlondsdale1o@discuz.net,671-745-8191,+55-593-927-5759,6/2/1963,5402 Toban Street,Teacher,338-20-5656,incomplete
62,Gwenni,Aubry,gaubry1p@hp.com,299-641-7302,+1-616-241-8819,7/13/1992,7391 Leroy Trail,Systems Administrator I,356-65-5734,incomplete
63,Rozelle,Trunks,rtrunks1q@google.com,736-300-0394,+57-934-213-4133,5/2/1988,35 Warrior Alley,Sales Associate,482-22-2672,incomplete
64,Grace,Rihosek,grihosek1r@paypal.com,672-205-7837,+234-724-330-8054,11/17/1957,19 Brown Court,Business Systems Development Analyst,461-38-0608,incomplete
65,Lalo,Sword,lsword1s@addthis.com,492-750-6392,+86-581-511-9813,2/18/1994,91 Graceland Pass,Project Manager,707-72-1598,incomplete
66,Collette,Cogdon,ccogdon1t@sohu.com,444-381-0388,+62-394-312-5518,8/2/1953,0910 Walton Alley,Assistant Professor,561-20-4741,incomplete
67,Sarita,Heinl,sheinl1u@imdb.com,380-648-2629,+1-907-561-2808,9/30/1997,942 Myrtle Road,Senior Sales Associate,463-46-9474,incomplete
68,Orelia,Marishenko,omarishenko1v@chron.com,355-386-5897,+52-313-560-7933,10/13/1951,79237 Crescent Oaks Parkway,Account Representative II,486-33-3034,incomplete
69,Cordy,Diss,cdiss1w@admin.ch,236-312-4497,+92-239-330-3255,4/18/1990,79 Leroy Pass,Office Assistant IV,793-80-1710,incomplete
70,Grace,Duiged,gduiged1x@pcworld.com,599-247-7623,+967-647-793-0068,7/28/1994,55 International Terrace,Speech Pathologist,495-84-7508,incomplete
71,Doro,Effaunt,deffaunt1y@dropbox.com,546-910-0977,+33-933-939-3421,3/3/2000,965 Oak Way,Librarian,683-32-6487,incomplete
72,Micaela,Arman,marman1z@delicious.com,889-972-1905,+506-236-272-1492,2/18/1955,2506 Valley Edge Park,Cost Accountant,349-39-6574,incomplete
73,Clyde,Jorn,cjorn20@comsenz.com,383-640-6493,+62-384-232-9869,4/17/1989,80 Northridge Court,Software Consultant,634-29-0843,incomplete
74,Bette,Henworth,bhenworth21@utexas.edu,401-574-9660,+62-593-718-0588,9/27/1966,73 Kinsman Pass,VP Marketing,208-54-4180,incomplete
75,Duky,Matveyev,dmatveyev22@webmd.com,360-620-2071,+351-220-576-9109,7/28/1965,49 Hintze Park,Human Resources Assistant I,148-89-1732,incomplete
76,Chester,Cheal,ccheal23@techcrunch.com,487-826-9509,+33-485-202-7100,5/2/1984,28 Green Parkway,Biostatistician IV,466-95-2750,incomplete
77,Rosemarie,Munro,rmunro24@google.fr,535-468-8942,+57-545-739-3286,6/2/1971,9971 Elgar Avenue,Statistician III,710-60-3008,incomplete
78,Rorke,Chene,rchene25@marriott.com,972-266-1997,+380-682-254-0802,1/28/1958,5 Vernon Park,Human Resources Manager,165-58-2736,incomplete
79,Kaela,Sushams,ksushams26@yahoo.co.jp,823-413-9165,+386-191-367-0399,3/10/1997,16 Colorado Drive,Budget/Accounting Analyst I,673-32-4089,incomplete
80,Damita,Finey,dfiney27@flickr.com,171-101-6043,+387-901-600-7789,8/26/1980,82611 Grasskamp Place,Executive Secretary,116-50-6645,incomplete
81,Tilda,Zanazzi,tzanazzi28@imgur.com,985-555-3896,+505-309-109-8146,9/9/1975,53 Kingsford Park,Compensation Analyst,495-46-6802,incomplete
82,Mahmoud,Godbold,mgodbold29@liveinternet.ru,500-668-4459,+52-515-621-1621,8/20/1953,16 Lakewood Gardens Plaza,Systems Administrator II,313-26-7145,incomplete
83,Keenan,Martellini,kmartellini2a@lycos.com,823-316-7247,+86-879-852-5013,6/21/1958,9 Nova Trail,Staff Scientist,648-58-3191,incomplete
84,Viviana,Southerden,vsoutherden2b@jalbum.net,751-408-4156,+62-354-690-6372,12/7/1976,4 Maple Wood Hill,Structural Engineer,610-75-7346,incomplete
85,Rolland,Thorald,rthorald2c@google.de,911-356-2885,+251-885-981-3720,8/1/1981,3546 Petterle Alley,Compensation Analyst,605-97-6885,incomplete
86,Athena,Yerrell,ayerrell2d@nbcnews.com,289-837-7803,+86-983-245-4175,12/27/1953,2841 Hazelcrest Alley,VP Accounting,218-95-4303,incomplete
87,Aylmer,Zorzini,azorzini2e@dmoz.org,625-220-8112,+86-296-776-5878,3/18/1985,92366 Northview Lane,VP Sales,733-49-4543,incomplete
88,Rowney,Klaas,rklaas2f@mozilla.org,448-737-8975,+62-728-976-3869,3/22/1978,8 High Crossing Trail,Paralegal,800-75-5784,incomplete
89,Deeann,Askam,daskam2g@delicious.com,349-710-7720,+269-273-855-5041,11/21/1986,7 Harper Center,Office Assistant I,298-08-4975,incomplete
90,Natasha,Brenard,nbrenard2h@edublogs.org,677-860-9230,+86-992-353-3525,12/15/1986,555 Fallview Terrace,Help Desk Operator,333-24-7713,incomplete
91,Marion,Beaver,mbeaver2i@mapy.cz,719-971-2781,+386-758-676-2811,3/19/1958,180 Gina Lane,Administrative Officer,721-54-9803,incomplete
92,Gerhardt,Queree,gqueree2j@china.com.cn,754-233-2782,+385-471-923-1190,6/11/1990,8 Mayfield Park,GIS Technical Architect,419-63-2200,incomplete
93,Vi,Standering,vstandering2k@wunderground.com,551-327-0409,+351-995-358-3018,5/9/1988,94982 Merry Alley,Software Engineer IV,342-72-6369,incomplete
94,Obadias,Bradburne,obradburne2l@google.com.hk,107-791-0763,+7-209-904-1688,9/16/1991,54198 Brentwood Parkway,Help Desk Technician,702-23-0819,incomplete
95,Alaine,Elliker,aelliker2m@gnu.org,834-615-6892,+373-966-958-6764,8/24/1982,8943 Mesta Place,Assistant Manager,788-78-4692,incomplete
96,Nan,Lazonby,nlazonby2n@redcross.org,650-259-5735,+994-168-599-9173,6/22/1985,230 Hazelcrest Alley,Recruiting Manager,215-93-0403,incomplete
97,Elisha,Batho,ebatho2o@homestead.com,870-828-8145,+371-579-131-8959,11/18/1966,833 Heffernan Junction,Research Assistant II,645-60-5849,incomplete
98,Sky,Enriquez,senriquez2p@hud.gov,553-402-3011,+86-970-491-4691,11/16/1967,0 Hayes Street,Developer III,490-06-8649,incomplete
99,Nevil,Cardo,ncardo2q@economist.com,818-606-0537,+591-750-618-1228,5/24/1997,7 Service Pass,Food Chemist,649-67-7779,incomplete
100,Hugo,Largen,hlargen2r@wikispaces.com,847-643-8159,+86-744-861-9091,9/14/1959,1060 Caliangt Avenue,Analyst Programmer,196-80-0343,incomplete
101,Flo,Dewfall,fdewfall2s@statcounter.com,780-275-8785,+55-674-739-8257,9/10/1970,394 Carey Circle,Assistant Media Planner,408-23-3041,incomplete
102,Elinore,Larderot,elarderot2t@sakura.ne.jp,495-242-0789,+86-732-736-5214,11/15/1980,988 Melody Lane,Health Coach II,512-08-8460,incomplete
103,Lizabeth,Berling,lberling2u@usa.gov,801-979-9213,+7-654-725-0688,6/9/1970,80 Service Terrace,Speech Pathologist,875-86-2657,incomplete
104,Iain,Metzel,imetzel2v@youku.com,562-762-1097,+420-960-426-4279,2/3/1986,1962 Cordelia Hill,Compensation Analyst,177-33-3680,incomplete
105,Colleen,Gemlbett,cgemlbett2w@reuters.com,192-846-2988,+55-319-647-0033,6/2/1984,8 Dapin Drive,Data Coordiator,678-58-0732,incomplete
106,Wiley,Worstall,wworstall2x@google.ru,381-617-8154,+216-798-767-7194,4/10/1960,2474 Oakridge Hill,Senior Developer,737-42-2579,incomplete
107,Viva,Grigs,vgrigs2y@domainmarket.com,565-487-7886,+509-878-630-0435,11/15/1987,0 Knutson Hill,Developer III,601-39-1334,incomplete
108,Free,Thursfield,fthursfield2z@blogs.com,264-285-8352,+86-872-577-0883,10/4/1966,181 Darwin Trail,Account Coordinator,317-08-4172,incomplete
109,Marlene,Brilon,mbrilon30@washingtonpost.com,981-904-9875,+30-686-576-2115,3/13/1963,9342 Pond Court,Nurse Practicioner,191-89-2305,incomplete
110,Joan,Hessenthaler,jhessenthaler31@zdnet.com,293-641-1368,+27-515-996-7995,12/5/1981,98 Graceland Junction,Senior Developer,533-40-4881,incomplete
111,Karalynn,Blindermann,kblindermann32@telegraph.co.uk,144-714-0868,+86-192-397-8075,6/12/1960,911 Vera Way,Data Coordiator,801-50-1239,incomplete
112,Malia,Robart,mrobart33@google.de,717-866-4980,+240-450-872-7507,3/29/1960,06 Fisk Circle,Media Manager I,799-74-2792,incomplete
113,Korey,Kenningham,kkenningham34@gmpg.org,179-488-3859,+86-389-712-3505,7/23/1997,5978 Butternut Trail,Health Coach IV,264-45-4462,incomplete
114,Fredia,McKevany,fmckevany35@alibaba.com,919-581-4398,+57-521-167-5353,6/1/1985,3585 Meadow Vale Circle,Analyst Programmer,696-18-1214,incomplete
115,Sasha,Lamacraft,slamacraft36@issuu.com,699-201-8146,+86-665-687-6475,10/12/1989,088 Dapin Lane,Human Resources Manager,894-45-9272,incomplete
116,Fawn,Willicott,fwillicott37@wikimedia.org,803-344-5144,+351-138-952-4939,6/17/1979,4 Westridge Circle,Payment Adjustment Coordinator,725-13-5844,incomplete
117,Hugibert,Dooler,hdooler38@phoca.cz,410-625-0441,+56-818-906-1118,10/24/1964,21 Tony Trail,Media Manager III,171-58-3903,incomplete
118,Harrie,Romanin,hromanin39@sfgate.com,226-237-0038,+63-829-857-9052,8/10/1996,9 Kensington Parkway,Physical Therapy Assistant,501-39-9444,incomplete
119,Tabby,Catterill,tcatterill3a@nhs.uk,801-179-5620,+62-880-600-5700,6/4/1952,48 Prairieview Avenue,Marketing Assistant,781-77-5503,incomplete
120,Willabella,Jurisic,wjurisic3b@youku.com,566-393-0711,+33-870-147-5506,9/25/1959,127 Thompson Place,Project Manager,546-90-7465,incomplete
121,Kalie,Compston,kcompston3c@google.pl,222-406-1852,+55-358-391-5615,10/15/1993,832 Veith Junction,VP Marketing,357-79-1565,incomplete
122,Juliana,Salvadori,jsalvadori3d@ask.com,826-515-6018,+30-234-470-8915,9/15/1952,59259 Larry Point,Paralegal,853-07-5042,incomplete
123,Caryl,Tredget,ctredget3e@webnode.com,198-495-0325,+48-928-727-4638,6/6/1970,1628 Karstens Trail,Staff Scientist,786-52-1169,incomplete
124,Lynnette,Yelland,lyelland3f@sakura.ne.jp,683-761-4095,+86-433-641-6227,2/12/1957,791 Carpenter Center,Software Test Engineer II,239-80-6056,incomplete
125,Rora,Cleminshaw,rcleminshaw3g@usda.gov,891-334-2699,+62-935-145-1833,4/21/1986,64 Clarendon Plaza,Senior Cost Accountant,677-67-9342,incomplete
126,Corette,Piper,cpiper3h@google.ca,113-949-7636,+48-574-790-5749,4/13/1974,8720 Petterle Terrace,Chemical Engineer,861-10-2028,incomplete
127,Timmy,Lemasney,tlemasney3i@sitemeter.com,442-543-3068,+46-242-823-0168,5/31/1973,59135 4th Point,Research Associate,589-50-6190,incomplete
128,Ives,Boulde,iboulde3j@nifty.com,622-939-5167,+62-250-392-7682,10/6/1998,426 Pawling Terrace,Junior Executive,184-92-9645,incomplete
129,Tomaso,Vigurs,tvigurs3k@state.gov,776-189-9638,+93-637-422-7268,8/20/1994,214 Donald Parkway,Health Coach III,467-08-9181,incomplete
130,Carena,Simmonds,csimmonds3l@census.gov,807-886-1591,+7-439-919-6832,10/8/1992,209 Express Avenue,Research Nurse,298-53-1168,incomplete
131,Emlyn,Beaglehole,ebeaglehole3m@yolasite.com,697-991-4175,+86-101-672-6252,3/18/1978,303 Kipling Pass,Assistant Professor,764-94-0290,incomplete
132,Dew,Coey,dcoey3n@soup.io,852-252-7423,+57-967-280-5973,7/16/1960,711 Dahle Road,Design Engineer,433-15-4604,incomplete
133,Mercie,Beardon,mbeardon3o@ning.com,833-322-9292,+358-637-234-9842,1/31/1995,03 Onsgard Street,Tax Accountant,375-86-0813,incomplete
134,Joyous,Gilliland,jgilliland3p@mtv.com,585-747-8323,+86-634-652-8224,3/4/1994,44640 Debra Drive,Automation Specialist II,541-44-9530,incomplete
135,Olive,Brock,obrock3q@biblegateway.com,421-769-9197,+62-974-354-9399,9/1/1975,34 Carioca Alley,Mechanical Systems Engineer,795-30-0190,incomplete
136,Terencio,Southorn,tsouthorn3r@java.com,662-721-9947,+62-792-376-3106,11/6/1962,975 Prairie Rose Avenue,VP Marketing,607-84-8322,incomplete
137,Aloysius,Faithorn,afaithorn3s@dedecms.com,388-208-3570,+27-717-264-2170,4/6/1969,6 Iowa Point,Account Representative II,848-38-0290,incomplete
138,Powell,Lohering,plohering3t@bravesites.com,367-642-2699,+242-377-362-0658,2/9/1996,694 Clemons Place,Technical Writer,287-62-4406,incomplete
139,Victoria,MacGorley,vmacgorley3u@tuttocitta.it,451-881-3011,+57-683-300-1226,4/27/1971,5081 Surrey Crossing,Actuary,265-18-6345,incomplete
140,Walker,Soldi,wsoldi3v@home.pl,421-138-1414,+353-354-499-7335,11/18/1978,0 Artisan Circle,Librarian,235-41-5562,incomplete
141,Kameko,McMorran,kmcmorran3w@smh.com.au,143-434-7615,+62-271-466-8271,11/8/1999,43316 Hoepker Pass,Environmental Specialist,670-50-2350,incomplete
142,Pierette,Rive,prive3x@blogs.com,297-727-2419,+63-924-292-7324,2/21/1950,4349 Lyons Pass,Programmer IV,255-95-4406,incomplete
143,Germain,Orcott,gorcott3y@upenn.edu,612-446-6236,+55-813-759-1330,4/29/1962,630 Dayton Way,Database Administrator II,463-95-3922,incomplete
144,Yule,Joynt,yjoynt3z@nature.com,101-230-2894,+27-866-550-6903,2/11/1985,7480 Vahlen Road,Software Test Engineer II,675-96-6315,incomplete
145,Monica,Hambling,mhambling40@ow.ly,411-488-6978,+33-111-786-0129,11/21/1960,4 Cardinal Park,Pharmacist,729-31-9602,incomplete
146,Quintilla,Cogdon,qcogdon41@mozilla.org,412-112-5722,+7-267-600-7006,4/21/1959,04 Coolidge Trail,Geological Engineer,313-35-7900,incomplete
147,Carolyn,Maile,cmaile42@weather.com,509-470-7293,+351-863-874-8233,11/3/1969,13755 Dottie Parkway,Pharmacist,526-84-1228,incomplete
148,Ira,Jindra,ijindra43@nydailynews.com,475-446-3310,+86-634-452-1939,7/23/1969,808 Doe Crossing Point,Senior Quality Engineer,105-52-3238,incomplete
149,Prinz,Upsale,pupsale44@google.es,702-148-1423,+86-548-102-0955,10/6/1986,327 Center Court,Web Developer IV,825-73-7650,incomplete
150,Bell,Dobby,bdobby45@nifty.com,295-314-9603,+886-894-232-3542,4/10/1969,8115 Hanover Avenue,Senior Financial Analyst,480-76-3892,incomplete
151,Glen,Sadler,gsadler46@java.com,894-904-3322,+52-765-944-6145,6/3/1997,19 Cody Pass,Biostatistician IV,227-84-7536,incomplete
152,Ricki,Riseborough,rriseborough47@latimes.com,238-760-6608,+505-172-597-4395,12/23/1964,51 Reindahl Place,Librarian,476-25-9713,incomplete
153,Alethea,McEvoy,amcevoy48@fema.gov,997-640-4563,+507-568-345-2751,6/6/1988,5793 Jenifer Court,Sales Representative,165-25-6542,incomplete
154,Michelina,Killich,mkillich49@studiopress.com,601-734-6468,+7-897-846-1186,12/27/1981,97 Johnson Hill,Software Consultant,782-65-4862,incomplete
155,Zebulon,Muge,zmuge4a@tinypic.com,406-852-9878,+66-731-741-9299,9/7/1960,5500 Clemons Street,Safety Technician III,303-94-8331,incomplete
156,Domingo,Pleaden,dpleaden4b@archive.org,381-912-2868,+48-799-297-6028,3/20/1982,0794 Blaine Circle,Software Engineer I,488-71-1166,incomplete
157,Tamera,Quarterman,tquarterman4c@walmart.com,199-142-2952,+55-180-827-0773,6/27/1952,7 Eagan Junction,Human Resources Assistant I,427-18-6713,incomplete
158,Obed,Jakov,ojakov4d@bigcartel.com,506-639-7956,+86-920-283-7297,9/21/1986,207 Brown Avenue,Database Administrator IV,660-55-2469,incomplete
159,Corbin,Neeves,cneeves4e@wikimedia.org,594-720-3525,+675-507-714-2990,2/25/1998,97 Maple Wood Park,Software Engineer II,454-14-1031,incomplete
160,Loella,Shimony,lshimony4f@google.com.au,997-835-1320,+86-263-570-2532,6/17/1974,617 Laurel Street,Human Resources Assistant IV,195-89-1265,incomplete
161,Nicko,Fay,nfay4g@networkadvertising.org,199-370-7538,+46-204-405-8013,2/13/1977,1 Mendota Terrace,Account Coordinator,593-86-3641,incomplete
162,Timothea,Phizackarley,tphizackarley4h@spiegel.de,690-101-1558,+1-144-558-1899,2/4/1965,63 Carey Place,Web Designer I,655-28-6730,incomplete
163,Maridel,Lesly,mlesly4i@bigcartel.com,746-985-8866,+976-439-818-9526,4/4/1984,52691 Sugar Parkway,Structural Engineer,637-55-4844,incomplete
164,Nelly,Dilon,ndilon4j@yellowbook.com,675-987-0262,+63-620-207-1143,3/27/1998,33386 Canary Way,Product Engineer,427-26-8882,incomplete
165,Gerome,Cattonnet,gcattonnet4k@usgs.gov,277-461-2531,+7-481-440-5901,9/20/1988,853 Vahlen Way,Recruiter,224-88-7071,incomplete
166,Maurine,Foux,mfoux4l@bloomberg.com,352-820-1206,+63-115-139-0744,6/7/1971,89 Declaration Trail,Software Test Engineer I,707-54-8195,incomplete
167,Kathryne,Soonhouse,ksoonhouse4m@theguardian.com,883-101-4180,+55-681-452-6422,1/2/1952,699 Nancy Terrace,Sales Associate,222-36-1952,incomplete
168,Shelley,Glavis,sglavis4n@soundcloud.com,603-277-8057,+359-154-229-3018,9/10/1962,926 Erie Lane,Physical Therapy Assistant,745-87-1145,incomplete
169,Cass,Sannes,csannes4o@dmoz.org,852-912-7377,+63-744-847-0430,3/28/1961,72 Mosinee Plaza,Assistant Manager,353-72-5081,incomplete
170,Consuelo,Girardengo,cgirardengo4p@github.com,791-795-9483,+380-675-609-8502,12/27/1973,30 Dapin Center,Pharmacist,647-73-6354,incomplete
171,Augustin,Petken,apetken4q@i2i.jp,113-758-9907,+86-326-877-6592,10/28/1994,741 Hermina Junction,Recruiting Manager,822-76-2582,incomplete
172,Ruby,Castelijn,rcastelijn4r@samsung.com,936-621-6158,+86-936-330-1591,12/16/1951,0 Sunbrook Center,Chief Design Engineer,654-43-3420,incomplete
173,Etta,Sleeford,esleeford4s@wisc.edu,627-325-0611,+86-338-959-7874,9/13/1965,315 Starling Crossing,Help Desk Operator,817-37-5015,incomplete
174,Martie,Edelston,medelston4t@youku.com,246-502-5783,+380-147-352-1708,9/2/1979,9836 Nobel Junction,Programmer Analyst IV,220-78-3877,incomplete
175,Bord,Norvill,bnorvill4u@infoseek.co.jp,391-900-9065,+34-465-309-8186,3/17/1970,121 Merrick Drive,Budget/Accounting Analyst I,207-56-7656,incomplete
176,Karina,Nassie,knassie4v@ted.com,487-300-7409,+33-659-500-1581,3/26/1975,53 Buena Vista Circle,Administrative Assistant I,466-31-2653,incomplete
177,Melloney,Siburn,msiburn4w@hexun.com,254-318-3566,+374-101-968-9767,9/4/1993,97 Dennis Parkway,Staff Accountant I,820-39-4270,incomplete
178,Dimitri,Molohan,dmolohan4x@ihg.com,734-669-6096,+86-525-996-4631,9/22/1995,71 Annamark Terrace,Help Desk Technician,168-22-3331,incomplete
179,Rupert,Harvatt,rharvatt4y@amazon.co.jp,220-575-0016,+856-132-826-1621,1/25/1959,330 Amoth Crossing,Systems Administrator II,156-18-3633,incomplete
180,Nikos,Traylen,ntraylen4z@blogspot.com,386-416-9410,+46-330-209-2402,7/4/1987,4 Westend Park,Chemical Engineer,119-31-1171,incomplete
181,Ashlan,Kedslie,akedslie50@springer.com,791-543-8885,+52-350-908-0389,3/20/1992,1008 Sunnyside Road,Tax Accountant,562-56-1918,incomplete
182,Calv,Ellsom,cellsom51@fastcompany.com,406-463-9770,+213-561-886-3247,10/6/1966,001 Miller Plaza,Mechanical Systems Engineer,541-27-1573,incomplete
183,Mallory,Giorgeschi,mgiorgeschi52@irs.gov,576-626-6117,+86-166-529-4095,1/8/1998,829 Golden Leaf Parkway,VP Accounting,565-21-1990,incomplete
184,Leoine,Chaffin,lchaffin53@abc.net.au,395-748-2872,+55-633-386-7885,11/24/1987,969 Arrowood Junction,Senior Cost Accountant,598-40-1392,incomplete
185,Vanya,Burchett,vburchett54@nba.com,341-280-6860,+351-995-528-6906,6/8/1974,789 Park Meadow Park,Environmental Tech,544-27-9849,incomplete
186,Calla,Caffin,ccaffin55@ameblo.jp,507-654-1477,+86-884-419-2512,5/11/2000,48829 Reinke Parkway,Chief Design Engineer,813-92-1564,incomplete
187,Taber,Corneliussen,tcorneliussen56@lulu.com,978-571-3633,+7-442-790-9515,10/27/1951,2608 Buell Way,Office Assistant IV,272-39-2963,incomplete
188,Donia,Polini,dpolini57@theguardian.com,818-194-3736,+52-276-856-6609,11/17/1979,3 Helena Alley,Financial Analyst,283-35-1935,incomplete
189,Morganica,Wragge,mwragge58@github.com,215-899-8194,+234-141-227-2705,9/19/1955,76344 Towne Point,VP Sales,728-15-5249,incomplete
190,Royce,Cardenas,rcardenas59@shop-pro.jp,614-233-4620,+52-990-890-0013,6/3/1950,951 Clemons Circle,Structural Engineer,410-40-2054,incomplete
191,Jaime,Pavic,jpavic5a@ca.gov,339-106-1393,+86-964-181-0108,8/23/1981,8 Bonner Avenue,Web Designer II,107-79-7531,incomplete
192,Willie,Frie,wfrie5b@bbc.co.uk,937-766-4833,+86-709-397-1200,10/16/1993,8443 Becker Terrace,Junior Executive,557-67-7269,incomplete
193,Ofella,Ilyin,oilyin5c@zdnet.com,650-418-7430,+86-256-364-4671,7/31/1979,0634 Riverside Parkway,Statistician I,362-02-1112,incomplete
194,Lyell,Sherwill,lsherwill5d@blog.com,708-298-0210,+30-631-401-2337,4/25/1955,0 Mayer Circle,Assistant Media Planner,694-92-5475,incomplete
195,Cobbie,Morais,cmorais5e@phpbb.com,743-671-8019,+370-836-866-1159,10/9/1999,24276 Butterfield Terrace,Health Coach II,252-62-7187,incomplete
196,Lyndsay,Humberstone,lhumberstone5f@csmonitor.com,625-117-6075,+86-492-444-7550,6/23/1987,5066 Hovde Avenue,Office Assistant III,756-31-0848,incomplete
197,Bay,Jump,bjump5g@uol.com.br,400-893-7947,+55-704-785-1168,4/6/1963,0701 Continental Point,Social Worker,684-27-6506,incomplete
198,Hilliary,Dickenson,hdickenson5h@over-blog.com,692-750-1715,+234-988-380-2359,7/2/1974,380 Gerald Place,Librarian,626-44-8135,incomplete
199,Jasmine,Whelan,jwhelan5i@alibaba.com,794-882-0557,+51-287-986-5221,9/17/1967,33398 Vernon Junction,Project Manager,826-79-9343,incomplete
200,Vania,Orange,vorange5j@google.com.hk,429-196-9239,+1-989-437-6889,10/7/1992,2 Hooker Trail,Account Coordinator,235-70-0605,incomplete
201,Butch,Staynes,bstaynes5k@ox.ac.uk,301-659-4710,+48-443-125-8048,5/1/1965,4580 Scofield Road,Electrical Engineer,409-15-8213,incomplete
202,Dillie,Gabites,dgabites5l@skype.com,817-440-4738,+61-899-760-9407,1/19/1998,7513 Fremont Circle,Staff Accountant II,543-71-4840,incomplete
203,Stepha,Spilisy,sspilisy5m@va.gov,912-580-8161,+82-842-527-0258,3/21/1994,56 Petterle Drive,Sales Associate,744-05-9860,incomplete
204,Garry,Fownes,gfownes5n@hao123.com,615-180-4492,+63-521-799-2190,4/30/1954,5 Goodland Court,Geologist III,197-70-7681,incomplete
205,Reena,Curness,rcurness5o@sciencedaily.com,737-271-9424,+62-999-909-2419,6/20/1984,5197 Browning Drive,Senior Financial Analyst,635-41-3976,incomplete
206,Catharine,Fish,cfish5p@dailymail.co.uk,391-463-2791,+55-900-225-8498,10/29/1955,59820 4th Street,Human Resources Assistant III,711-37-1054,incomplete
207,Margo,Gonthard,mgonthard5q@ameblo.jp,719-903-8697,+86-549-433-4526,1/19/1999,74511 Moulton Hill,Analyst Programmer,219-38-6429,incomplete
208,Anabella,Dibble,adibble5r@abc.net.au,231-544-7594,+386-713-228-3338,4/28/1957,0 Rusk Avenue,Recruiting Manager,203-21-4759,incomplete
209,Berenice,Jakoubec,bjakoubec5s@alibaba.com,563-286-1122,+380-490-846-7221,1/22/1966,40757 Namekagon Alley,Executive Secretary,133-83-7644,incomplete
210,Rebbecca,Luberto,rluberto5t@storify.com,843-966-5826,+373-670-880-4930,3/8/1999,762 Meadow Vale Circle,Analyst Programmer,749-94-3321,incomplete
211,Sybil,Danilovitch,sdanilovitch5u@nih.gov,547-348-8772,+52-222-564-6271,12/26/1972,8 Annamark Center,Product Engineer,649-02-4823,incomplete
212,Allx,Rickersey,arickersey5v@vk.com,750-992-3726,+52-287-642-2747,12/3/1987,75 Fremont Lane,Structural Engineer,669-31-5548,incomplete
213,Virgina,Gideon,vgideon5w@bizjournals.com,314-973-9452,+46-839-516-0745,4/8/1990,1912 Ramsey Road,Internal Auditor,819-40-9776,incomplete
214,Corey,Bust,cbust5x@google.com.au,143-559-0570,+57-122-175-7159,12/21/1966,771 Onsgard Court,Help Desk Technician,762-62-5008,incomplete
215,Nestor,Given,ngiven5y@jiathis.com,905-149-6286,+86-542-436-3171,12/4/1952,267 Mendota Junction,Research Associate,705-51-2928,incomplete
216,Myrtie,Sang,msang5z@microsoft.com,432-604-6757,+62-146-644-8612,7/2/1976,5 Warner Parkway,Staff Accountant II,412-83-4965,incomplete
217,Renate,Waldie,rwaldie60@globo.com,917-401-1048,+63-708-929-4120,11/29/1992,7024 Thackeray Parkway,Automation Specialist I,331-22-9802,incomplete
218,Henka,Slucock,hslucock61@slideshare.net,348-137-4797,+7-699-140-9286,12/8/1998,5591 Alpine Drive,Budget/Accounting Analyst I,794-05-7086,incomplete
219,Ezequiel,Purkess,epurkess62@com.com,545-213-4505,+46-831-767-6876,6/5/1979,2501 Esker Alley,Senior Developer,716-35-4189,incomplete
220,Juan,Coulson,jcoulson63@mediafire.com,682-168-9543,+86-601-783-8961,1/17/1975,0451 Sachs Avenue,Graphic Designer,184-38-8544,incomplete
221,Allegra,Reburn,areburn64@usatoday.com,480-892-6956,+86-725-300-6970,11/28/1996,39 Thierer Point,Community Outreach Specialist,267-49-1403,incomplete
222,Jared,Croxon,jcroxon65@businessinsider.com,620-412-4926,+86-447-257-2723,10/28/1950,61 Talisman Terrace,Programmer IV,153-56-3066,incomplete
223,Aggy,Tynan,atynan66@intel.com,199-691-7554,+86-902-823-5945,6/8/1979,54367 Fairfield Trail,Human Resources Manager,261-94-6045,incomplete
224,Kat,Coombs,kcoombs67@ibm.com,560-835-8589,+66-498-375-9296,7/4/1964,9 Division Parkway,Senior Editor,764-06-4472,incomplete
225,Gordan,Berkelay,gberkelay68@sfgate.com,517-167-1575,+63-315-457-7636,10/12/1986,55407 Grim Street,Desktop Support Technician,568-22-0261,incomplete
226,Luce,Grossman,lgrossman69@reverbnation.com,719-270-1221,+86-484-903-9796,11/20/1980,93 Mayfield Pass,Marketing Manager,334-30-4357,incomplete
227,Coretta,McIlvaney,cmcilvaney6a@over-blog.com,782-578-1732,+86-432-427-2984,10/23/1988,3763 Russell Center,Developer IV,233-41-7002,incomplete
228,Padgett,Decaze,pdecaze6b@free.fr,656-253-7591,+86-943-717-8742,12/8/1965,093 Donald Place,Statistician II,872-46-7604,incomplete
229,Elnar,Charlo,echarlo6c@earthlink.net,183-239-6948,+62-892-744-4849,11/21/1951,7016 Eastlawn Street,Technical Writer,880-07-9261,incomplete
230,Eyde,Glitherow,eglitherow6d@bloglovin.com,351-236-8378,+48-929-280-0473,5/16/1965,03156 Karstens Trail,Accountant IV,306-90-7377,incomplete
231,Nolan,Gerok,ngerok6e@studiopress.com,699-857-1392,+62-114-845-5632,1/31/1970,85 Eastlawn Road,Staff Scientist,231-89-2776,incomplete
232,Jessy,Paoletti,jpaoletti6f@dagondesign.com,291-311-8036,+420-895-795-2551,3/8/1988,18610 Summerview Parkway,Accountant II,490-27-8774,incomplete
233,Bobby,Embra,bembra6g@reverbnation.com,733-675-5697,+86-267-569-9073,1/29/1978,92288 Loeprich Drive,Analyst Programmer,183-84-9243,incomplete
234,Cecelia,Kirton,ckirton6h@free.fr,132-548-3392,+359-558-495-4604,1/20/1994,96139 Gerald Alley,Internal Auditor,873-99-3664,incomplete
235,Grady,Tyres,gtyres6i@i2i.jp,511-272-0062,+351-430-210-5794,6/2/1969,33 Oneill Plaza,Geologist III,241-52-4564,incomplete
236,Koren,McCerery,kmccerery6j@github.com,849-602-8957,+351-972-408-8841,4/22/1993,5715 Golf Course Trail,Software Consultant,445-57-7405,incomplete
237,Ernest,Lanston,elanston6k@google.com.hk,630-796-7031,+86-196-418-6530,6/26/1975,42 Kinsman Parkway,Quality Control Specialist,857-28-0802,incomplete
238,Roarke,Geill,rgeill6l@hostgator.com,298-530-0568,+66-192-989-5074,1/27/1959,3289 Fordem Circle,Engineer II,665-22-3731,incomplete
239,Grove,Kennion,gkennion6m@pinterest.com,818-328-9528,+48-631-817-4364,12/7/1999,575 Northview Court,Automation Specialist III,424-06-5820,incomplete
240,Bryce,Sparey,bsparey6n@smh.com.au,414-569-2893,+62-207-503-3340,8/27/1983,27 Nelson Lane,Legal Assistant,253-30-4405,incomplete
241,Harriot,Pesak,hpesak6o@so-net.ne.jp,673-593-7330,+55-955-845-4175,7/31/1975,638 Pearson Pass,Registered Nurse,720-89-2617,incomplete
242,Una,Maywood,umaywood6p@skyrock.com,609-354-6987,+62-470-909-2873,12/9/1963,00 Oneill Parkway,Teacher,288-93-9479,incomplete
243,Eva,Spennock,espennock6q@godaddy.com,365-651-6422,+33-877-578-5798,6/3/1974,759 Sheridan Parkway,Legal Assistant,780-66-3094,incomplete
244,Austen,Kopp,akopp6r@wikia.com,450-972-9788,+385-263-991-4904,7/15/1968,593 Birchwood Parkway,Project Manager,847-95-7011,incomplete
245,Hastings,Downing,hdowning6s@purevolume.com,423-408-2727,+351-281-647-7296,5/2/1992,58 Knutson Parkway,Senior Sales Associate,288-28-9783,incomplete
246,Reyna,Vertigan,rvertigan6t@baidu.com,892-615-7059,+850-449-438-3221,1/12/1961,3450 Milwaukee Avenue,Web Designer I,312-84-7270,incomplete
247,Broderic,Landsman,blandsman6u@shinystat.com,900-292-2222,+507-659-645-2493,10/17/1995,3 Mayfield Point,Payment Adjustment Coordinator,701-51-6343,incomplete
248,Paten,Melior,pmelior6v@behance.net,445-435-3416,+66-653-269-5476,10/4/1977,531 Arapahoe Plaza,Financial Analyst,661-94-1573,incomplete
249,Saxe,Hradsky,shradsky6w@merriam-webster.com,906-170-6422,+370-234-157-6704,10/31/1952,57182 Briar Crest Alley,Recruiter,790-73-8929,incomplete
250,Roanne,Petersen,rpetersen6x@reuters.com,992-965-9191,+961-288-330-0768,11/8/1951,83 Shelley Point,Structural Analysis Engineer,264-10-8617,incomplete
251,Waiter,Landal,wlandal6y@ox.ac.uk,677-790-8308,+57-983-509-7360,2/19/1985,2 Brentwood Avenue,Editor,280-82-0390,incomplete
252,Austine,Flear,aflear6z@delicious.com,365-803-1437,+7-483-864-9486,4/1/1954,4 Hazelcrest Crossing,Paralegal,484-44-6874,incomplete
253,Stewart,Kenny,skenny70@columbia.edu,874-975-3838,+46-394-800-9697,6/5/1955,6059 Morningstar Place,Computer Systems Analyst II,830-12-3892,incomplete
254,Sherlocke,Kestell,skestell71@soup.io,669-128-8142,+7-577-983-9208,11/22/1996,9 Corry Place,Web Designer II,177-21-3495,incomplete
255,Debor,Woodberry,dwoodberry72@nasa.gov,435-141-7846,+353-212-261-3164,3/30/1971,1 Barnett Crossing,Tax Accountant,175-47-6393,incomplete
256,Rosaline,Loder,rloder73@moonfruit.com,961-199-8993,+63-579-600-5663,2/2/1974,78613 Jana Avenue,Research Assistant II,743-53-9921,incomplete
257,Sayres,Woolager,swoolager74@flickr.com,890-339-0527,+86-560-584-8979,10/1/1984,0866 Maywood Hill,Operator,534-52-4510,incomplete
258,Madel,Northridge,mnorthridge75@cargocollective.com,159-339-8712,+1-688-823-7853,6/11/1961,80135 Golf View Drive,Engineer II,267-50-4469,incomplete
259,Eada,Glanvill,eglanvill76@illinois.edu,488-709-4337,+62-428-378-9719,11/18/1964,6 Gale Pass,Senior Cost Accountant,134-99-5840,incomplete
260,Kippy,Boots,kboots77@wired.com,589-105-4203,+55-166-467-6620,9/10/1961,68061 Towne Circle,Community Outreach Specialist,820-42-6012,incomplete
261,Jodi,Holyland,jholyland78@blogs.com,620-254-2962,+423-203-410-5364,7/11/2000,6 Cherokee Hill,Nuclear Power Engineer,448-32-9909,incomplete
262,Laurice,Tarbath,ltarbath79@paypal.com,720-265-4196,+54-863-320-0795,4/25/1956,49700 Golf Trail,Software Test Engineer I,296-88-0372,incomplete
263,Rawley,Buckingham,rbuckingham7a@bloomberg.com,859-194-1465,+7-139-790-8366,10/12/1971,16477 Rieder Circle,Media Manager III,606-53-8364,incomplete
264,Jenica,Pilkington,jpilkington7b@baidu.com,263-203-1367,+86-557-186-2745,2/15/1993,70591 Golf Parkway,Occupational Therapist,815-87-3545,incomplete
265,Erminia,Mowen,emowen7c@oaic.gov.au,783-513-7648,+86-116-885-5637,9/24/1992,915 Nobel Street,VP Product Management,791-34-1321,incomplete
266,Teodora,Wilman,twilman7d@zdnet.com,505-134-5762,+7-277-102-4819,5/30/1971,749 Hudson Plaza,Staff Accountant I,636-78-3586,incomplete
267,Tully,Gallally,tgallally7e@ezinearticles.com,686-626-9093,+353-833-719-3540,8/10/1998,21369 Colorado Trail,Director of Sales,133-30-9222,incomplete
268,Nolie,Cleeve,ncleeve7f@dell.com,732-221-0552,+86-878-206-9168,10/29/1977,5626 Esch Junction,Project Manager,120-26-3073,incomplete
269,Burlie,Aisbett,baisbett7g@purevolume.com,803-994-6166,+7-188-492-9711,2/11/1979,5 Alpine Circle,Engineer I,415-01-0044,incomplete
270,Vasily,Pittham,vpittham7h@cornell.edu,593-149-5554,+86-296-201-4986,7/15/1981,86 Sundown Avenue,Business Systems Development Analyst,760-70-0439,incomplete
271,Loni,Duff,lduff7i@exblog.jp,568-372-4821,+62-475-550-7261,11/16/1960,17406 Riverside Alley,Human Resources Assistant II,760-45-2907,incomplete
272,Nerty,Cornwall,ncornwall7j@behance.net,228-127-6347,+263-971-986-0679,10/6/1976,045 David Avenue,Help Desk Technician,104-71-2002,incomplete
273,Kylen,Philippet,kphilippet7k@usa.gov,212-110-7376,+351-971-306-0802,5/10/1982,244 6th Terrace,Assistant Manager,346-62-2634,incomplete
274,Leonardo,Petchey,lpetchey7l@last.fm,532-585-1561,+33-103-599-8177,10/14/1981,62 Heffernan Way,Health Coach I,547-56-8501,incomplete
275,Judith,Castangia,jcastangia7m@un.org,765-573-7885,+238-243-690-0185,11/9/1956,45 Drewry Park,Programmer Analyst II,143-25-9021,incomplete
276,Gracia,Matuskiewicz,gmatuskiewicz7n@dmoz.org,344-980-3033,+86-943-755-8719,5/31/1981,84 Monica Hill,Information Systems Manager,483-96-0936,incomplete
277,Leslie,Ferby,lferby7o@stumbleupon.com,849-895-6664,+389-996-789-4716,11/21/1950,32175 Stone Corner Street,Developer IV,780-30-4803,incomplete
278,Jordanna,Felton,jfelton7p@sciencedirect.com,338-360-9196,+1-214-304-4498,8/29/1980,7452 Crowley Court,Geologist IV,737-56-8420,incomplete
279,Inglebert,Saylor,isaylor7q@reverbnation.com,602-648-1567,+33-412-623-2696,2/3/1984,49 Mandrake Road,Design Engineer,120-07-6385,incomplete
280,Jessie,Jakeman,jjakeman7r@1und1.de,686-662-4087,+62-145-813-5531,7/3/1989,5 Lotheville Lane,Internal Auditor,669-16-0582,incomplete
281,Fara,McMearty,fmcmearty7s@odnoklassniki.ru,571-561-2425,+86-152-160-0761,8/21/1998,695 Rowland Terrace,Graphic Designer,133-18-0654,incomplete
282,Hector,McDool,hmcdool7t@google.com.hk,613-492-1279,+1-205-268-8986,5/12/1991,9696 Crest Line Alley,Recruiter,272-49-1977,incomplete
283,Loutitia,Giacobelli,lgiacobelli7u@ocn.ne.jp,851-718-0079,+976-428-447-8405,8/18/1955,57828 Luster Way,Graphic Designer,782-19-3975,incomplete
284,Dinah,Czaja,dczaja7v@delicious.com,884-876-7157,+27-148-482-7009,12/15/1977,71 Esch Junction,Data Coordiator,180-84-4230,incomplete
285,Laverna,Prettejohns,lprettejohns7w@netlog.com,689-169-0798,+56-480-272-2050,9/22/1989,54 American Drive,Biostatistician I,797-13-9279,incomplete
286,Darnell,Bakes,dbakes7x@biglobe.ne.jp,402-976-7367,+502-623-421-1153,3/23/1989,9 Oneill Crossing,VP Quality Control,459-55-5897,incomplete
287,Morley,Diddams,mdiddams7y@mlb.com,859-961-8390,+976-481-549-3619,6/27/1957,441 Mesta Alley,Pharmacist,337-50-2062,incomplete
288,Evangelina,Jacquemot,ejacquemot7z@wiley.com,126-598-7397,+52-183-141-7819,1/23/1988,10 Glacier Hill Way,Automation Specialist II,126-58-1446,incomplete
289,Trescha,Genike,tgenike80@nymag.com,737-125-4801,+1-719-284-2131,6/30/1986,6 Declaration Drive,Database Administrator I,134-16-9335,incomplete
290,Pepillo,Radwell,pradwell81@buzzfeed.com,211-723-5939,+66-833-692-2423,5/2/1992,95 Lawn Terrace,Executive Secretary,597-20-2320,incomplete
291,Lon,Marston,lmarston82@imgur.com,793-506-4387,+216-578-515-1383,8/16/1958,710 Meadow Valley Alley,Budget/Accounting Analyst III,491-50-5659,incomplete
292,Hayley,Riditch,hriditch83@engadget.com,921-307-1541,+54-861-464-0447,12/28/1998,9746 American Avenue,VP Accounting,616-17-8120,incomplete
293,Myrta,Moatt,mmoatt84@indiatimes.com,540-792-2722,+86-256-667-5873,9/28/1979,01 Cambridge Junction,Financial Analyst,204-84-6905,incomplete
294,Nickola,Milham,nmilham85@issuu.com,438-302-7698,+30-775-421-2611,8/11/1962,47 Harbort Pass,Safety Technician III,102-20-8501,incomplete
295,Jenine,Ragsdall,jragsdall86@digg.com,599-722-3201,+998-243-130-6229,11/1/1980,8 Carpenter Road,Senior Sales Associate,766-48-5230,incomplete
296,Marylynne,Donaghy,mdonaghy87@de.vu,408-487-0604,+597-970-505-6853,8/4/1990,151 Aberg Circle,Social Worker,337-20-9183,incomplete
297,Kizzie,Brissard,kbrissard88@homestead.com,454-394-0960,+351-517-721-9898,10/30/1994,360 Banding Park,Programmer III,139-90-8573,incomplete
298,Reynard,Van de Velde,rvandevelde89@g.co,601-831-6524,+86-376-980-9567,3/29/1981,1 Elgar Trail,Senior Developer,204-03-1040,incomplete
299,Kirsten,Skedge,kskedge8a@alexa.com,785-489-0669,+86-592-844-3146,3/4/1966,2610 Merchant Lane,Nurse,517-79-2320,incomplete
300,Delly,Mogg,dmogg8b@phoca.cz,405-531-2320,+7-308-156-4859,6/12/1995,1761 Spenser Parkway,Accountant II,678-63-0718,incomplete
301,Town,Coggings,tcoggings8c@oakley.com,571-825-0083,+62-691-982-1330,7/15/1995,5156 Merrick Avenue,Electrical Engineer,810-84-7506,incomplete
302,Richardo,Dach,rdach8d@github.com,767-357-7886,+62-556-133-3537,8/23/1961,38828 Montana Point,Staff Scientist,636-20-1504,incomplete
303,Feodora,Dorward,fdorward8e@dailymotion.com,664-542-2350,+257-232-817-2179,5/5/1987,605 Myrtle Court,Staff Accountant II,684-61-3893,incomplete
304,Corri,Goldsmith,cgoldsmith8f@opera.com,195-194-9032,+595-963-723-7982,2/23/2000,36375 Dennis Pass,Statistician III,133-09-5093,incomplete
305,Eryn,Lawrey,elawrey8g@wordpress.org,587-636-6825,+54-566-977-5916,7/15/1965,41 Boyd Trail,Teacher,400-91-7559,incomplete
306,Valentijn,Cestard,vcestard8h@vistaprint.com,924-624-6128,+7-148-352-4269,7/13/1986,091 Fuller Pass,Media Manager III,437-11-4456,incomplete
307,Carline,Canedo,ccanedo8i@dion.ne.jp,132-303-0817,+977-832-587-7981,10/19/1988,332 Del Mar Court,Recruiter,288-09-6658,incomplete
308,Anastasie,Edens,aedens8j@ustream.tv,992-955-1047,+1-213-633-8412,12/23/1958,8 School Point,Office Assistant II,387-35-2004,incomplete
309,Luis,Deme,ldeme8k@independent.co.uk,574-367-6009,+1-804-326-0014,9/17/1986,5 Butterfield Street,Business Systems Development Analyst,723-68-0199,incomplete
310,Gerardo,Reignard,greignard8l@theglobeandmail.com,337-995-3380,+86-755-709-6568,2/28/1985,9 Arizona Lane,Nurse,415-34-8771,incomplete
311,Sadella,Duncombe,sduncombe8m@ebay.co.uk,847-478-7461,+55-809-853-1775,2/3/1961,15808 Thompson Park,Legal Assistant,490-58-4327,incomplete
312,Lorettalorna,Willmore,lwillmore8n@toplist.cz,297-890-2060,+48-164-191-5324,5/26/1950,7976 Barby Road,Software Engineer III,210-88-6520,incomplete
313,Atlanta,Bierton,abierton8o@salon.com,744-867-0405,+62-682-493-5233,7/21/1978,7261 Amoth Street,Quality Control Specialist,866-21-6045,incomplete
314,Odetta,Ginity,oginity8p@ovh.net,647-943-8119,+86-380-289-0271,12/9/1971,80937 Stang Court,VP Product Management,640-02-0921,incomplete
315,Wilt,Berthouloume,wberthouloume8q@dagondesign.com,657-295-0290,+230-180-953-3558,11/6/1951,2 Parkside Place,Legal Assistant,335-34-0204,incomplete
316,Cristobal,Wint,cwint8r@scribd.com,772-421-5450,+86-383-266-1399,2/9/1960,0 Lake View Drive,Community Outreach Specialist,672-79-9297,incomplete
317,Brit,Miche,bmiche8s@businesswire.com,631-663-1146,+7-954-809-4025,6/21/1967,52458 Mitchell Trail,Assistant Professor,778-55-4633,incomplete
318,Arney,Farncomb,afarncomb8t@angelfire.com,881-926-2483,+62-258-802-4095,4/20/1969,7977 8th Plaza,Junior Executive,242-75-6631,incomplete
319,Mercie,Tummond,mtummond8u@google.it,177-373-2518,+86-968-297-3381,8/6/1967,5380 Summerview Street,Technical Writer,607-18-8875,incomplete
320,Florenza,Primmer,fprimmer8v@tumblr.com,505-239-2902,+30-503-868-0054,10/26/1987,28 Melvin Court,Professor,194-77-3577,incomplete
321,Lynsey,Clifton,lclifton8w@nih.gov,591-678-2991,+48-362-721-8947,6/8/1995,8469 Montana Lane,Help Desk Operator,554-57-5450,incomplete
322,Ilise,Bumpass,ibumpass8x@google.cn,374-382-4264,+63-109-235-1948,4/4/1976,67284 Superior Drive,Librarian,568-96-1457,incomplete
323,Morty,Riatt,mriatt8y@wordpress.com,428-131-7257,+86-116-689-8512,10/31/1980,108 Raven Point,Biostatistician I,662-82-6047,incomplete
324,Lance,Spry,lspry8z@samsung.com,837-924-5637,+63-614-587-8753,5/9/1964,7 Chinook Circle,Design Engineer,347-44-0606,incomplete
325,Chadwick,Dumelow,cdumelow90@photobucket.com,125-189-6737,+381-354-801-0715,7/9/1970,7 Longview Road,Professor,562-95-4644,incomplete
326,Bone,McIlriach,bmcilriach91@arstechnica.com,430-127-2673,+81-538-798-2529,3/22/1974,9242 Clove Plaza,Operator,306-34-2686,incomplete
327,Kelsey,Wittering,kwittering92@nifty.com,821-531-4310,+1-704-350-5946,3/28/1998,5276 Loeprich Road,Developer II,501-46-6308,incomplete
328,Hinze,Mann,hmann93@tripadvisor.com,654-279-1300,+30-576-632-1821,4/26/1986,897 Randy Road,Teacher,283-55-3624,incomplete
329,Sheelagh,Millyard,smillyard94@msn.com,755-164-1631,+86-651-260-7239,4/21/1950,97831 Myrtle Road,Staff Scientist,512-37-0539,incomplete
330,Nathanil,Greenwell,ngreenwell95@hc360.com,872-665-7153,+593-574-964-0969,12/12/1982,6 Milwaukee Pass,Food Chemist,547-51-7570,incomplete
331,Yardley,Pieter,ypieter96@howstuffworks.com,618-799-5560,+55-734-202-3291,9/10/1989,1224 Westridge Hill,Nuclear Power Engineer,364-67-9958,incomplete
332,Kira,Korn,kkorn97@meetup.com,686-461-1965,+252-232-836-2386,3/1/1998,0154 Milwaukee Circle,Internal Auditor,113-28-7036,incomplete
333,Travers,Netherclift,tnetherclift98@bloglines.com,682-488-6567,+63-961-154-6008,9/13/1951,617 Bay Junction,Occupational Therapist,296-79-5073,incomplete
334,Ronnie,Witch,rwitch99@ucoz.com,259-919-0725,+46-944-922-6219,12/25/1976,7997 Old Shore Street,Community Outreach Specialist,719-85-6856,incomplete
335,Zelda,Gibbie,zgibbie9a@creativecommons.org,666-323-9439,+352-255-761-7126,4/21/1966,48 Main Road,Dental Hygienist,791-14-5598,incomplete
336,Regina,Kiddle,rkiddle9b@wiley.com,885-814-7246,+355-493-394-5187,8/2/1996,690 Doe Crossing Center,Senior Editor,668-05-2018,incomplete
337,Lenka,Di Pietro,ldipietro9c@discuz.net,730-922-3174,+51-246-935-6309,3/24/1967,08510 Becker Terrace,Quality Control Specialist,442-83-6489,incomplete
338,Nikolai,Notley,nnotley9d@whitehouse.gov,910-959-6686,+66-614-377-1900,3/25/1959,1 Artisan Point,Staff Accountant IV,595-56-4541,incomplete
339,Thadeus,Gotfrey,tgotfrey9e@comcast.net,162-921-0390,+1-616-208-3911,8/30/1962,2 Norway Maple Pass,Junior Executive,435-92-4935,incomplete
340,Wakefield,Laybourne,wlaybourne9f@guardian.co.uk,249-446-6719,+62-604-638-3791,10/14/1993,06589 Cody Trail,Assistant Media Planner,306-45-2700,incomplete
341,Nanette,Dedman,ndedman9g@barnesandnoble.com,948-460-9434,+62-989-321-9171,7/3/1993,54734 Gulseth Park,Computer Systems Analyst II,289-86-3716,incomplete
342,Rosy,Fewings,rfewings9h@webnode.com,390-726-2582,+7-918-501-4783,12/18/1980,04 Straubel Court,Director of Sales,367-74-8740,incomplete
343,Godwin,Riddiford,griddiford9i@people.com.cn,787-872-8055,+351-420-902-9602,3/9/1994,36828 Reinke Court,Payment Adjustment Coordinator,401-38-7209,incomplete
344,Osborn,Felkin,ofelkin9j@hp.com,424-741-0616,+54-803-728-5695,9/26/1995,5 Bluestem Road,Project Manager,103-56-7962,incomplete
345,Lavinie,Noel,lnoel9k@forbes.com,983-664-4990,+34-410-809-7885,2/7/1951,365 Rowland Street,Speech Pathologist,446-99-1589,incomplete
346,Der,Lunn,dlunn9l@cam.ac.uk,605-103-6394,+380-885-651-0797,1/31/1980,317 Boyd Alley,Geologist II,428-66-8873,incomplete
347,Corrianne,Wilkowski,cwilkowski9m@dailymotion.com,831-468-2717,+63-879-259-6957,10/12/1990,2 Lillian Terrace,Chemical Engineer,725-49-2070,incomplete
348,Salaidh,Gaddesby,sgaddesby9n@cnet.com,515-146-2871,+20-575-803-1120,5/10/1986,6621 Donald Drive,Staff Scientist,340-66-7456,incomplete
349,Sawyere,Shurlock,sshurlock9o@disqus.com,119-923-7400,+81-953-676-5283,7/5/2000,5190 Spohn Park,Internal Auditor,232-09-7525,incomplete
350,Mignon,Tighe,mtighe9p@businessinsider.com,361-879-6277,+60-272-917-0708,1/10/1951,7403 Northwestern Pass,Sales Representative,142-73-3629,incomplete
351,Rosa,Tooker,rtooker9q@feedburner.com,309-964-7894,+61-235-667-9679,11/14/1954,93 Jenna Parkway,Pharmacist,626-49-0367,incomplete
352,Dud,Doram,ddoram9r@jiathis.com,376-393-5025,+229-302-680-3526,6/29/1984,663 Briar Crest Street,Director of Sales,471-43-2786,incomplete
353,Layney,Ludgrove,lludgrove9s@bing.com,802-966-1337,+86-430-834-3176,3/29/1960,9053 Grasskamp Avenue,Research Assistant II,681-20-4813,incomplete
354,Norman,Woolvett,nwoolvett9t@acquirethisname.com,659-689-2851,+58-320-909-1533,11/23/1961,6196 Dahle Parkway,Junior Executive,366-17-5725,incomplete
355,Ky,Clarridge,kclarridge9u@usatoday.com,141-420-9748,+7-632-866-2718,6/10/1997,2 Eastwood Lane,Programmer III,376-38-6015,incomplete
356,Arlyn,Seath,aseath9v@google.co.uk,582-291-3109,+351-110-539-2211,12/26/1979,885 Loftsgordon Lane,Software Engineer II,821-69-3801,incomplete
357,Sutherland,Rickert,srickert9w@tiny.cc,738-859-4035,+86-334-502-3192,7/10/1950,69281 Linden Road,Analog Circuit Design manager,304-23-0484,incomplete
358,Ellen,Grieveson,egrieveson9x@hostgator.com,428-458-6712,+30-194-360-0093,1/1/1956,17 Glendale Crossing,Junior Executive,760-33-4363,incomplete
359,Gus,Ryley,gryley9y@macromedia.com,374-846-0240,+33-933-803-6166,11/13/1963,781 Blackbird Lane,Senior Cost Accountant,460-94-8771,incomplete
360,Livvy,Tireman,ltireman9z@ucla.edu,350-499-1816,+7-438-910-7849,10/13/1967,795 Marcy Street,Account Representative I,867-55-2672,incomplete
361,Giovanni,Mattaus,gmattausa0@nationalgeographic.com,449-817-0379,+44-929-275-0115,3/5/1951,79 Browning Pass,Desktop Support Technician,255-58-2051,incomplete
362,Mavra,Borres,mborresa1@boston.com,816-330-1327,+52-610-750-8032,1/8/1981,99520 Annamark Park,Programmer I,773-04-5424,incomplete
363,Alethea,Gadault,agadaulta2@multiply.com,695-635-0007,+7-680-327-1194,7/26/1984,34514 Sullivan Trail,Registered Nurse,881-96-4475,incomplete
364,Adelina,Najafian,anajafiana3@facebook.com,720-161-9441,+86-320-102-0301,11/16/1986,1 Truax Way,Payment Adjustment Coordinator,696-20-4988,incomplete
365,Kelsy,Stede,kstedea4@jiathis.com,232-660-2751,+63-341-417-8960,2/11/1980,84712 Eagan Point,Engineer III,244-34-6146,incomplete
366,Brandtr,Lethieulier,blethieuliera5@gnu.org,686-231-7688,+86-235-807-2988,10/28/1953,4181 Welch Avenue,Clinical Specialist,483-94-8226,incomplete
367,Nestor,Barrott,nbarrotta6@mozilla.com,687-511-4555,+46-683-585-2173,9/6/1989,2 Sommers Plaza,Financial Advisor,536-95-1113,incomplete
368,Lira,Maryon,lmaryona7@rediff.com,393-889-2833,+62-704-577-2642,4/20/1983,285 Coleman Junction,Health Coach III,103-38-8616,incomplete
369,Roseanna,Melledy,rmelledya8@cyberchimps.com,798-899-7343,+33-546-931-0959,3/21/1981,8572 Superior Crossing,Quality Control Specialist,520-35-5410,incomplete
370,Rowe,Belfrage,rbelfragea9@yahoo.com,755-276-0592,+380-826-779-5662,12/24/1983,5511 Independence Alley,Human Resources Assistant I,125-02-4468,incomplete
371,Jeremias,Bratch,jbratchaa@themeforest.net,161-678-8807,+33-337-576-4843,4/22/1997,92687 Holy Cross Parkway,Pharmacist,384-40-7612,incomplete
372,Lezlie,Dunster,ldunsterab@sitemeter.com,476-773-4749,+81-673-921-3904,9/5/1980,3 Stone Corner Plaza,Professor,752-56-2345,incomplete
373,Ingamar,Lorie,ilorieac@mozilla.com,369-151-8585,+7-157-136-2473,1/19/1957,469 Atwood Junction,VP Quality Control,339-73-9631,incomplete
374,Hayden,MacKeever,hmackeeverad@telegraph.co.uk,575-843-3846,+965-274-229-7243,11/15/1952,850 Lake View Lane,Sales Associate,266-31-4109,incomplete
375,Jaclin,Grinval,jgrinvalae@npr.org,205-449-9791,+55-965-973-5509,6/2/1978,71 Northwestern Point,Account Coordinator,750-29-4043,incomplete
376,Wallache,Bocke,wbockeaf@toplist.cz,511-139-6664,+51-360-294-8947,10/11/1975,51 Victoria Court,Database Administrator III,786-54-8482,incomplete
377,Vanny,Melchior,vmelchiorag@goo.ne.jp,919-450-4289,+63-794-328-0703,1/20/1964,270 Mallory Court,Legal Assistant,536-74-1451,incomplete
378,Ameline,Billany,abillanyah@meetup.com,441-183-0072,+30-330-204-6863,8/15/1956,86659 Coolidge Crossing,Structural Analysis Engineer,507-96-2068,incomplete
379,Germayne,Kristof,gkristofai@foxnews.com,158-568-6439,+63-916-599-1434,7/30/1992,52361 Merchant Drive,Social Worker,554-81-4267,incomplete
380,Rube,Reeder,rreederaj@e-recht24.de,502-347-3449,+86-482-165-9584,3/6/1971,66 Duke Center,Internal Auditor,752-60-5915,incomplete
381,Homere,Sketch,hsketchak@jigsy.com,776-847-8425,+46-459-259-4098,1/1/1969,81736 Anthes Terrace,Account Executive,259-15-0824,incomplete
382,Abbey,Sargison,asargisonal@wiley.com,233-918-0628,+1-407-426-3125,2/7/1967,3 Everett Plaza,Systems Administrator II,719-47-8757,incomplete
383,Jenny,Wogden,jwogdenam@uiuc.edu,518-747-7399,+86-410-226-9942,10/17/1992,68 Tony Park,Registered Nurse,661-39-1093,incomplete
384,Jamie,Brash,jbrashan@sina.com.cn,225-964-3389,+33-835-580-8834,11/21/1959,3 Brown Lane,Assistant Media Planner,287-97-7469,incomplete
385,Steven,McGarel,smcgarelao@privacy.gov.au,786-824-9414,+86-595-111-1008,11/29/1953,86381 Milwaukee Street,Technical Writer,686-72-0874,incomplete
386,Gayler,Scain,gscainap@acquirethisname.com,117-408-9538,+55-970-149-7270,11/15/1964,69055 Pierstorff Pass,Professor,390-07-6075,incomplete
387,Bayard,Futter,bfutteraq@yandex.ru,759-575-8974,+86-922-239-3335,12/5/1993,45 Schlimgen Crossing,Cost Accountant,134-64-4996,incomplete
388,Candice,Felce,cfelcear@youtube.com,632-342-7727,+86-491-420-2117,8/6/1978,6 Westend Court,Junior Executive,728-09-6372,incomplete
389,Faun,Camolli,fcamollias@blogspot.com,923-398-6061,+1-648-883-5617,3/13/1974,43 5th Street,Librarian,277-11-4190,incomplete
390,Grata,Orrett,gorrettat@yahoo.com,513-989-7611,+975-509-319-6652,8/18/1991,08 Florence Junction,Programmer II,223-79-5383,incomplete
391,Irwin,Rubke,irubkeau@illinois.edu,495-924-1009,+375-132-680-8838,8/24/2000,4592 Schurz Place,Food Chemist,877-06-9770,incomplete
392,Ches,Cansdall,ccansdallav@bloglovin.com,848-259-5772,+383-758-823-5888,1/29/1963,1598 Arizona Hill,Analog Circuit Design manager,477-35-0251,incomplete
393,Dasie,McDougall,dmcdougallaw@t-online.de,107-868-0660,+7-307-845-8113,12/18/1992,262 Sunbrook Park,VP Accounting,458-31-9410,incomplete
394,Hazlett,Pell,hpellax@ebay.co.uk,261-467-5743,+81-736-564-7245,2/15/1985,2 Tony Way,Teacher,839-52-7087,incomplete
395,Nolana,Kloisner,nkloisneray@disqus.com,385-458-0808,+62-162-918-1066,3/25/1976,09 New Castle Alley,VP Quality Control,506-74-1793,incomplete
396,Lothario,Chalcot,lchalcotaz@washington.edu,704-101-6246,+351-313-120-8828,7/15/1951,9130 Calypso Crossing,Help Desk Technician,404-05-7819,incomplete
397,Vilma,Watman,vwatmanb0@webnode.com,995-738-1149,+351-679-618-6912,10/18/2000,2 Bultman Road,Tax Accountant,382-84-2291,incomplete
398,Mirabella,Moss,mmossb1@bandcamp.com,892-608-3881,+234-626-688-2720,8/25/1989,370 Independence Road,Database Administrator I,262-82-9472,incomplete
399,Brigida,Charnley,bcharnleyb2@mozilla.org,788-311-0887,+86-436-391-8686,12/19/1996,74872 Pierstorff Center,Paralegal,735-21-5565,incomplete
400,Brietta,Mussard,bmussardb3@goodreads.com,230-138-9940,+33-148-885-8068,6/18/1985,20 Hooker Court,Software Engineer II,680-99-7523,incomplete
401,Sigismundo,Battson,sbattsonb4@bloomberg.com,754-556-1148,+62-819-142-2317,9/21/1969,6384 Vernon Crossing,Associate Professor,838-27-5493,incomplete
402,Candice,Prettyman,cprettymanb5@moonfruit.com,521-405-9773,+33-423-694-2983,12/26/1993,499 Morningstar Alley,Research Associate,790-83-1779,incomplete
403,Beatriz,Spriggs,bspriggsb6@cornell.edu,403-301-0172,+57-357-702-1125,9/25/1980,4287 Gale Lane,GIS Technical Architect,723-61-3997,incomplete
404,Konstantin,Auger,kaugerb7@shutterfly.com,894-306-8425,+880-541-828-3642,8/16/2000,22 Stoughton Crossing,Environmental Tech,565-25-6047,incomplete
405,Helena,Pallent,hpallentb8@princeton.edu,262-505-5119,+7-867-833-8563,6/4/1992,61292 Texas Terrace,Research Associate,866-10-6325,incomplete
406,Lanny,Feeham,lfeehamb9@mapquest.com,385-457-5804,+81-660-797-1158,11/14/1982,1442 Forest Run Crossing,Biostatistician IV,363-88-6727,incomplete
407,Molli,Jeayes,mjeayesba@ed.gov,959-448-7710,+27-383-736-2735,2/15/1974,10480 Melrose Avenue,Media Manager I,655-98-4215,incomplete
408,Madella,Witherop,mwitheropbb@imageshack.us,517-666-9822,+51-358-145-7181,11/5/1974,2 Cambridge Trail,Automation Specialist IV,589-92-8120,incomplete
409,Cheston,Rosetti,crosettibc@nifty.com,583-490-9640,+234-452-150-5104,6/28/1967,48 Crowley Way,Human Resources Assistant I,737-86-2135,incomplete
410,Foss,Burfitt,fburfittbd@drupal.org,858-130-2751,+48-436-183-4546,3/11/1972,74 Packers Drive,Environmental Specialist,478-60-0575,incomplete
411,Dimitry,Shorrock,dshorrockbe@xrea.com,292-522-8312,+1-701-404-8387,3/9/1958,580 Merry Lane,Quality Engineer,664-06-2048,incomplete
412,Andrei,Gecke,ageckebf@telegraph.co.uk,665-456-3927,+86-259-736-1969,9/12/1987,0 Loeprich Alley,Internal Auditor,376-80-8135,incomplete
413,Michelle,Cleef,mcleefbg@pcworld.com,378-547-3420,+86-458-117-3408,6/13/1972,50018 Bluestem Avenue,Senior Quality Engineer,424-20-9487,incomplete
414,Frans,Rikkard,frikkardbh@ucsd.edu,731-220-6156,+86-978-614-7940,9/27/1971,14 Stang Alley,Budget/Accounting Analyst IV,361-95-3968,incomplete
415,Homerus,Oloshin,holoshinbi@soundcloud.com,487-961-9850,+86-769-378-5708,12/9/1966,9 Dixon Junction,VP Marketing,797-66-0690,incomplete
416,Marlane,Kellegher,mkellegherbj@edublogs.org,308-472-4522,+420-301-692-6514,7/24/1991,67736 Sherman Way,Professor,298-54-1074,incomplete
417,Correy,Veighey,cveigheybk@chicagotribune.com,197-557-2669,+880-793-723-7740,12/9/1957,8 Fieldstone Drive,Analog Circuit Design manager,769-72-8483,incomplete
418,Anne-corinne,Clevely,aclevelybl@umich.edu,221-158-2222,+375-448-176-0131,7/21/1967,89551 Del Sol Park,Sales Associate,853-66-1344,incomplete
419,Julie,Ecclestone,jecclestonebm@google.ru,752-364-3330,+92-460-311-0437,9/5/1991,8 Bultman Alley,VP Quality Control,822-60-7299,incomplete
420,Berte,Leggin,blegginbn@delicious.com,762-520-1248,+229-407-203-5017,2/12/1983,1335 Stang Plaza,Account Representative III,230-19-9693,incomplete
421,Correy,Schwaiger,cschwaigerbo@mozilla.org,574-374-4936,+48-205-205-7512,12/31/1958,572 Melvin Court,Chief Design Engineer,480-08-3104,incomplete
422,Renato,Monery,rmonerybp@livejournal.com,307-466-7393,+52-617-890-9357,9/29/1991,8602 Dryden Point,Technical Writer,158-69-4280,incomplete
423,Annissa,Balducci,abalduccibq@patch.com,310-884-3112,+86-409-297-5321,10/15/1971,7839 Badeau Place,Help Desk Technician,668-14-3153,incomplete
424,Kylynn,Luxmoore,kluxmoorebr@jugem.jp,385-260-7500,+62-151-787-1463,5/4/1991,5356 Dryden Street,Social Worker,740-69-8041,incomplete
425,Meridel,Timmes,mtimmesbs@soundcloud.com,155-702-1767,+1-390-177-3954,3/1/1980,5 Bellgrove Terrace,VP Quality Control,590-94-9752,incomplete
426,Courtnay,Godsmark,cgodsmarkbt@eventbrite.com,495-936-8915,+381-958-525-6442,4/14/1957,48828 North Court,Programmer I,830-94-3922,incomplete
427,Giuseppe,McKeveney,gmckeveneybu@wordpress.org,269-405-3911,+48-856-156-0695,9/26/1984,243 Straubel Street,Geological Engineer,633-56-6922,incomplete
428,Nicolle,Pharoah,npharoahbv@gmpg.org,110-954-3426,+62-973-234-7807,7/5/1954,5051 Northfield Junction,Analog Circuit Design manager,150-74-3942,incomplete
429,Alanah,Epinoy,aepinoybw@oaic.gov.au,538-486-4298,+52-550-397-5721,3/20/1973,26183 Milwaukee Point,Speech Pathologist,153-94-2115,incomplete
430,Alejandra,Castelijn,acastelijnbx@constantcontact.com,714-311-6387,+81-935-532-8170,4/11/1960,014 Sullivan Point,Safety Technician II,690-39-6752,incomplete
431,Leontyne,Cheine,lcheineby@ibm.com,584-263-7895,+1-419-756-9116,3/2/1982,42866 Kensington Circle,Statistician III,335-70-1784,incomplete
432,Lindie,Bunner,lbunnerbz@dmoz.org,917-477-6432,+55-407-216-2562,4/8/1996,4158 International Pass,Structural Engineer,161-16-4659,incomplete
433,Herc,Chaplain,hchaplainc0@sitemeter.com,489-449-9588,+62-263-954-1149,9/4/1983,4796 La Follette Terrace,Environmental Tech,177-13-9817,incomplete
434,Karel,Posse,kpossec1@blogger.com,732-280-3342,+267-862-288-1893,4/25/1953,273 Blackbird Drive,Speech Pathologist,801-27-4662,incomplete
435,Dell,Gottschalk,dgottschalkc2@harvard.edu,905-290-6904,+48-932-705-1583,6/29/1952,3 Columbus Parkway,Actuary,470-37-3802,incomplete
436,Erwin,Fayerman,efayermanc3@i2i.jp,338-534-4480,+62-119-931-2175,6/21/1999,653 Esch Lane,Account Coordinator,229-65-2725,incomplete
437,Willa,Pignon,wpignonc4@slashdot.org,934-423-7316,+964-278-857-7029,7/31/1980,2 Old Gate Terrace,Account Representative II,591-75-4266,incomplete
438,Jewell,Narraway,jnarrawayc5@diigo.com,487-688-8126,+63-125-384-5596,1/20/1952,6 West Court,Design Engineer,816-06-8725,incomplete
439,Wilmette,Sulland,wsullandc6@prlog.org,827-899-3970,+380-958-777-7718,3/13/1997,41 Corben Junction,Information Systems Manager,439-75-4011,incomplete
440,Rafaela,Shawyer,rshawyerc7@indiegogo.com,866-882-9571,+60-815-525-2798,12/6/1991,96 Transport Road,Analog Circuit Design manager,414-69-9771,incomplete
441,Mattie,Branch,mbranchc8@cnn.com,617-848-7816,+62-824-883-7608,8/18/1974,2637 Graceland Street,Automation Specialist IV,640-76-1688,incomplete
442,Fleurette,Meneux,fmeneuxc9@tmall.com,400-893-6704,+229-576-608-8919,3/9/1972,7 Milwaukee Lane,Financial Analyst,462-50-2797,incomplete
443,Melvin,Blazey,mblazeyca@bloglovin.com,846-159-0965,+63-678-862-9514,3/20/1998,6 Dayton Street,Internal Auditor,150-83-9484,incomplete
444,Delphinia,Kydde,dkyddecb@pinterest.com,196-694-8241,+62-675-439-4506,2/18/1965,2877 Reindahl Center,Biostatistician II,228-66-9843,incomplete
445,Jordain,Leigh,jleighcc@hugedomains.com,312-744-4524,+63-674-789-1960,4/1/1959,50 Doe Crossing Drive,Compensation Analyst,626-21-6512,incomplete
446,Trescha,Riden,tridencd@fc2.com,479-993-9319,+374-225-232-1428,11/24/1974,9 Swallow Avenue,Structural Engineer,518-02-6861,incomplete
447,Norbert,Danelutti,ndaneluttice@soundcloud.com,298-820-0182,+48-923-938-4240,11/9/1972,268 Hazelcrest Circle,Paralegal,381-74-6209,incomplete
448,Wileen,Lutty,wluttycf@homestead.com,966-683-8953,+234-714-881-2696,2/21/2000,36 Welch Pass,Account Coordinator,326-30-9561,incomplete
449,Tann,Orringe,torringecg@mac.com,363-396-7131,+1-360-308-2092,10/31/1951,8458 Quincy Trail,Speech Pathologist,334-51-9565,incomplete
450,Gaby,Joppich,gjoppichch@squidoo.com,190-862-7676,+98-215-554-7033,1/16/1998,8 Kinsman Road,Safety Technician IV,570-95-3623,incomplete
451,Irene,McLewd,imclewdci@aboutads.info,661-940-6967,+86-489-801-5084,6/9/1966,89 Almo Center,Administrative Assistant I,855-81-0334,incomplete
452,Nicky,Hawney,nhawneycj@dailymotion.com,680-832-3772,+212-212-940-9795,12/4/1991,5 Stoughton Lane,Assistant Professor,718-14-3910,incomplete
453,Loralyn,Ollier,lollierck@icio.us,231-370-0035,+62-735-711-5061,1/14/1965,79 Center Pass,Payment Adjustment Coordinator,365-01-8700,incomplete
454,Sharai,Glencross,sglencrosscl@bluehost.com,288-954-7897,+47-369-922-2685,12/17/1959,284 Hoffman Point,Information Systems Manager,740-82-5485,incomplete
455,Jackson,Drescher,jdreschercm@wix.com,950-512-8558,+976-443-108-1197,12/14/1954,83 Fairfield Drive,Human Resources Assistant II,790-53-3116,incomplete
456,Brit,Baggaley,bbaggaleycn@imgur.com,783-979-8485,+1-245-219-3869,6/15/1985,34578 Rieder Junction,Senior Sales Associate,279-77-3535,incomplete
457,Kalindi,Kehir,kkehirco@vk.com,258-961-4137,+86-965-625-2481,8/25/1977,120 2nd Circle,Compensation Analyst,737-08-9162,incomplete
458,Zorah,Wigglesworth,zwigglesworthcp@phpbb.com,863-536-5429,+86-939-850-7859,9/10/1960,495 Dunning Parkway,Staff Accountant III,199-50-0848,incomplete
459,Gratia,Capinetti,gcapinetticq@tripod.com,174-983-9087,+62-455-669-9536,4/18/1973,99416 Blue Bill Park Road,Research Associate,553-96-2553,incomplete
460,Annalise,Hambright,ahambrightcr@zimbio.com,103-954-2603,+374-673-272-5379,8/12/1977,90798 Upham Plaza,Occupational Therapist,515-68-5394,incomplete
461,Frank,Biset,fbisetcs@edublogs.org,163-207-9448,+7-153-553-1815,12/9/1967,3 Cambridge Alley,Nuclear Power Engineer,117-49-3059,incomplete
462,Garland,Spere,gsperect@scientificamerican.com,454-651-1278,+7-726-335-0908,9/3/1995,89 Bowman Park,Research Assistant II,662-54-3847,incomplete
463,Mariejeanne,Laimable,mlaimablecu@fda.gov,857-715-2133,+7-493-514-2732,4/20/1989,56419 Lyons Lane,Design Engineer,290-95-4310,incomplete
464,Emilie,Yansons,eyansonscv@mit.edu,969-429-7600,+86-668-341-2465,9/26/1976,3 Dawn Drive,Environmental Tech,134-23-4629,incomplete
465,Kort,Castle,kcastlecw@howstuffworks.com,623-323-8891,+86-823-586-8876,10/17/1991,115 Emmet Court,Administrative Assistant III,244-75-7714,incomplete
466,Stanton,Compson,scompsoncx@tripadvisor.com,281-875-2690,+385-415-707-0658,3/14/1983,268 Del Mar Point,Environmental Tech,355-61-5430,incomplete
467,Jarrod,Pearl,jpearlcy@columbia.edu,159-342-5088,+506-670-664-9789,7/12/1981,360 Golden Leaf Street,Senior Developer,534-51-0558,incomplete
468,Larine,Goligher,lgolighercz@house.gov,585-839-0638,+86-519-267-6819,5/22/1982,62711 Maple Court,Accountant III,712-83-6227,incomplete
469,Cory,Seeley,cseeleyd0@patch.com,297-999-0124,+358-485-810-5198,3/17/1962,68 Doe Crossing Alley,Computer Systems Analyst II,677-65-1619,incomplete
470,Frederik,Foulcher,ffoulcherd1@vimeo.com,987-471-3716,+49-176-755-4420,11/5/1990,668 Russell Park,Nurse,206-02-7623,incomplete
471,Aylmer,Stalman,astalmand2@parallels.com,342-859-5539,+63-356-841-4682,6/30/1987,3 Truax Way,Payment Adjustment Coordinator,721-25-5846,incomplete
472,Maye,Scoon,mscoond3@t.co,767-885-2429,+86-242-328-6824,1/19/1973,530 Morrow Circle,Data Coordiator,382-31-3319,incomplete
473,Humphrey,Bliven,hblivend4@hhs.gov,812-724-2501,+82-916-657-8155,3/4/1991,41633 Tennessee Plaza,Accountant III,425-60-3841,incomplete
474,Jennie,Guitel,jguiteld5@sciencedaily.com,951-859-5300,+36-585-496-0447,11/4/2000,8574 Bluejay Pass,Administrative Officer,824-17-4074,incomplete
475,Guglielma,Illingworth,gillingworthd6@cnn.com,769-667-7210,+66-993-327-4441,9/22/1992,55362 Jackson Trail,Senior Editor,558-18-2493,incomplete
476,Harmony,Folli,hfollid7@wufoo.com,824-594-1394,+420-666-435-6092,2/5/1977,16786 East Lane,Help Desk Technician,748-12-7150,incomplete
477,Herculie,Ivers,hiversd8@theglobeandmail.com,830-256-4178,+1-314-379-5996,11/30/1989,68822 Pearson Place,Senior Developer,133-49-3441,incomplete
478,Tabbi,Levinge,tlevinged9@weibo.com,860-469-4776,+51-414-326-4664,12/24/1982,6 Washington Avenue,Nurse,737-11-5149,incomplete
479,Adela,Sollime,asollimeda@desdev.cn,182-849-0419,+963-415-537-2031,1/28/1989,25 Bayside Road,Analog Circuit Design manager,359-56-5917,incomplete
480,Anica,Braywood,abraywooddb@pagesperso-orange.fr,652-321-9565,+48-950-126-4329,5/25/1951,3 Stone Corner Circle,Legal Assistant,548-29-7755,incomplete
481,Kristien,Stanmer,kstanmerdc@prlog.org,477-155-6423,+359-164-380-3923,2/5/1999,4421 Maryland Road,Quality Engineer,756-88-1970,incomplete
482,Margarethe,Scarratt,mscarrattdd@oakley.com,666-215-4681,+81-148-815-9692,2/23/1975,05 7th Alley,Product Engineer,690-12-1561,incomplete
483,Cristy,Perse,cpersede@nhs.uk,893-261-7728,+86-802-813-7870,9/4/1983,53 Northfield Junction,Account Coordinator,585-28-4374,incomplete
484,Alden,Cradey,acradeydf@trellian.com,873-774-8078,+212-700-777-5970,12/19/1964,6130 Basil Terrace,Assistant Media Planner,137-86-9006,incomplete
485,Damara,Karpfen,dkarpfendg@over-blog.com,962-519-3688,+63-811-890-0615,5/31/2000,22 Mesta Place,Financial Advisor,117-55-2251,incomplete
486,Lyndsay,Camp,lcampdh@quantcast.com,148-150-3065,+380-333-207-3864,8/22/1967,54 Graceland Pass,Senior Cost Accountant,444-84-6179,incomplete
487,Peggi,Fishburn,pfishburndi@state.gov,654-536-8139,+504-371-661-8899,7/19/1981,69891 Lillian Road,Software Test Engineer II,450-67-1259,incomplete
488,Irwin,Aisman,iaismandj@shareasale.com,826-696-0811,+371-869-598-2859,1/21/1954,98 Service Lane,Recruiter,251-87-6038,incomplete
489,Lizzie,Breache,lbreachedk@chicagotribune.com,231-439-1461,+962-770-997-7890,9/25/1997,3 Carioca Way,Payment Adjustment Coordinator,249-83-3167,incomplete
490,Alphonse,Kiss,akissdl@google.pl,988-551-2433,+46-968-616-5506,6/25/1974,032 Nova Parkway,Analyst Programmer,279-48-9751,incomplete
491,Doris,Worstall,dworstalldm@tamu.edu,450-978-3022,+86-606-936-6746,7/9/1970,976 Cardinal Park,Librarian,841-94-3793,incomplete
492,Arvie,Salzen,asalzendn@cyberchimps.com,352-638-6979,+7-350-610-0180,10/16/1977,789 Fallview Trail,Web Designer I,304-99-0399,incomplete
493,Maud,Sanchiz,msanchizdo@google.fr,762-345-9504,+62-833-641-2670,7/30/1968,8 Farragut Hill,Account Executive,181-06-9561,incomplete
494,Aubree,Pennazzi,apennazzidp@google.com.au,344-730-7541,+86-184-227-5651,3/31/1968,87583 Elmside Plaza,Media Manager II,356-93-2845,incomplete
495,Margi,Cooke,mcookedq@t-online.de,721-483-4351,+33-241-601-9599,9/9/1958,0 Anzinger Road,Research Associate,453-78-2871,incomplete
496,Phaedra,Meachen,pmeachendr@t.co,997-117-6296,+62-912-626-5204,11/7/1984,94808 Arkansas Point,Operator,579-52-0209,incomplete
497,Pepillo,Caldairou,pcaldairouds@addthis.com,796-739-1348,+86-802-165-4645,6/2/1970,4 Moland Crossing,VP Marketing,432-33-2304,incomplete
498,Aliza,Handford,ahandforddt@deliciousdays.com,847-958-8761,+1-661-671-0781,4/22/1987,0271 Londonderry Trail,Dental Hygienist,379-01-4488,incomplete
499,Gavrielle,Crippill,gcrippilldu@cisco.com,832-428-5898,+63-980-367-8420,12/12/1966,7 Mayer Road,Director of Sales,172-78-9991,incomplete
500,Seline,Bushby,sbushbydv@google.pl,754-888-8199,+7-376-446-0462,8/8/1956,5664 Superior Plaza,Teacher,869-66-4395,incomplete
